{
	"intents": [
		{
			"tag": "greeting",
			"patterns": [
				"Hi",
				"Hey",
				"Hello",
				"Good morning",
				"Good afternoon",
				"Good evening"
			],
			"responses": [
				"Hello, welcome to the railway ticket booking system!",
				"Hi there, how may I assist you today?",
				"Good to see you here, how can I help you?"
			]
		},

		{
			"tag": "cancel",
			"patterns": [
				"Can I cancel my ticket?",
				"How can I cancel my ticket?",
				"I want to cancel my ticket."
			],
			"responses": [
				"Yes, you can cancel your ticket through our website . Please note that cancellation charges may apply.",
				"To cancel your ticket, please log in to our website  and follow the cancellation process. Kindly note the cancellation charges.",
				"Certainly, you can cancel your ticket by visiting our website  and following the cancellation procedure. Please refer to the cancellation policy for any applicable charges."
			]
		},
		{
			"tag": "status",
			"patterns": [
				"What is the status of my booking?",
				"How can I check the status of my booking?",
				"Is my ticket confirmed?"
			],
			"responses": [
				"You can check the status of your booking by logging in to our website . Your ticket confirmation status will be displayed.",
				"To check the status of your booking, please log in to our website . You can view your ticket confirmation status on the dashboard.",
				"You can easily check the status of your booking by visiting our website  and accessing your booking details. The confirmation status will be displayed."
			]
		},
		{
			"tag": "thanks",
			"patterns": [
				"Thanks",
				"Thank you",
				"Appreciate it",
				"Thank you so much!"
			],
			"responses": ["Welcome !!!"]
		}
	]
}
